keyword,degree,betweenness,eigenvector,closeness
segment,0.02346368715083799,3.572200838670938e-05,0.0040642377407228815,0.4775880469583778
document,0.26145251396648045,0.005960469755484925,0.07430684029456976,0.5375375375375375
present,0.14525139664804468,0.002375212281561664,0.028922988741767346,0.5227803738317757
segmentation,0.13519553072625698,0.002390040112749936,0.03146988317987891,0.518539976825029
term,0.19441340782122904,0.004210228248521264,0.043171137955436284,0.5327380952380952
along,0.04469273743016759,0.00041611833134281233,0.0055518459557649495,0.5053642010163749
approach,0.5195530726256983,0.024516414504945763,0.20352118451623766,0.5766752577319587
dialog,0.029050279329608936,5.58211214680846e-05,0.004780604467829883,0.4753053637812002
act,0.05810055865921787,0.0002960326396710715,0.012377489776299138,0.4890710382513661
assumption,0.048044692737430165,0.0004064344792485625,0.008077246392866241,0.5025266704098821
logic,0.10949720670391061,0.002928091958000287,0.019703736052029443,0.5212580081537566
model,0.5698324022346368,0.02260744407601397,0.26642416401351304,0.5693384223918575
notion,0.036871508379888264,0.0003031521035192533,0.002946838150032849,0.48933843630399126
relation,0.20558659217877093,0.0039025969329821446,0.044861175909820646,0.5314726840855107
speech,0.29050279329608936,0.007291599551328111,0.11103541559504054,0.5457317073170732
grammar,0.31620111731843575,0.008962868279807398,0.08296526591307248,0.5444038929440389
report,0.029050279329608936,0.00014267520527851577,0.003948915159950945,0.4936569222283508
english,0.29050279329608936,0.009024234012821236,0.09823440259177976,0.5507692307692308
noun,0.14636871508379887,0.0026146212019484256,0.025942973102313808,0.5270906949352179
tag,0.0670391061452514,0.0012303418244517797,0.00893745212889679,0.5088118249005117
adjunct,0.036871508379888264,0.0001919919511474922,0.0043219748493345325,0.48326133909287255
based,0.6201117318435754,0.026672922181314115,0.27117576878555993,0.5704270235818993
clause,0.03128491620111731,0.0002567836333602532,0.002818961418477147,0.46157813305827744
construction,0.09497206703910614,0.0011581460041553123,0.017776566216874148,0.5155529953917051
formalism,0.061452513966480445,0.000509242069842822,0.008672602886258773,0.5065082059988681
probability,0.08044692737430167,0.000683814207320361,0.017837670702970643,0.49888517279821626
stochastic,0.026815642458100558,6.104802994702093e-05,0.0058151455848277425,0.48694232861806314
algorithm,0.4312849162011173,0.018467259569373787,0.13140886764126058,0.5700636942675159
language,0.7910614525139664,0.036915373983748084,0.40926437296374835,0.581924577373212
adjoining,0.06033519553072625,0.00101250817210768,0.01030688769526263,0.4939293598233996
adjoining grammar,0.034636871508379886,8.304084414458644e-05,0.007477201487968456,0.45293522267206476
form,0.17094972067039105,0.003730315048932224,0.039315809044334425,0.5267804590935845
language model,0.13631284916201117,0.0018771360673276807,0.07373405942030697,0.5149597238204833
probabilistic,0.10837988826815642,0.0017024231781526413,0.024130125837615826,0.5212580081537566
condition,0.03128491620111731,0.0001265521041334815,0.0034315705120724405,0.48588490770901194
string,0.029050279329608936,0.00011485383608340508,0.005428926205428222,0.4750530785562633
assigned,0.03240223463687151,0.0001652287969382338,0.0043696619086483375,0.4806659505907626
give,0.03910614525139664,0.00028164910352019423,0.004416814610025626,0.4819601507808293
given,0.12290502793296089,0.002380945224357837,0.026675365909654972,0.5230859146697837
tree,0.14078212290502792,0.0030381876303191844,0.023537544579889515,0.5255431591309454
dependency,0.1206703910614525,0.0015013135452416153,0.028580165066812865,0.5203488372093024
system,0.5206703910614525,0.025768861800441877,0.18923532842892998,0.5770470664087686
towards,0.041340782122905026,0.00017411836131336274,0.006744764601543662,0.47682472029834844
parser,0.17318435754189943,0.0034327293167148772,0.03920190978026022,0.5286473715298287
generation,0.15977653631284916,0.0031099697429635485,0.0326482957706727,0.5258519388954171
incremental,0.022346368715083796,4.1103669702690286e-05,0.0019366737882543148,0.4644525168655942
parse,0.053631284916201116,0.0003566086609472881,0.008105143125390584,0.5028089887640449
table,0.061452513966480445,0.00040419699881603683,0.014192029461542844,0.4952960708356392
input,0.10391061452513965,0.0010826224544475847,0.022336357095064072,0.5123068116771609
german,0.04469273743016759,0.00017745343320392274,0.008214382841604504,0.4986072423398329
available,0.11173184357541899,0.002341629935225083,0.024792358313383427,0.5164454702827467
context,0.21787709497206703,0.008254534028732975,0.04266848183120064,0.5447352404138771
lemmatizer,0.04022346368715084,0.00020804222333422616,0.005164983010967142,0.48987411056376573
morphological,0.10837988826815642,0.0009956364472728184,0.03433642990658597,0.5073696145124716
part,0.13631284916201117,0.0015712790999552178,0.03556609421458374,0.518840579710145
part speech,0.0994413407821229,0.0007197583595166915,0.02811240551385588,0.514367816091954
tagger,0.09162011173184356,0.0008520964540662349,0.024258322375208256,0.5120137299771167
information,0.35530726256983236,0.011884093049188601,0.11451469507387863,0.5453991468616697
lexical,0.23910614525139662,0.005692893311124595,0.0664608952990596,0.535607420706164
feature,0.30949720670391057,0.012057903957623295,0.07685467626805377,0.5534941249226963
hpsg,0.034636871508379886,0.00015938496725793612,0.004909184950552161,0.4822198275862069
parsing,0.26927374301675977,0.00861835145241614,0.06468222754472422,0.546731826511912
structure,0.15530726256983238,0.002679168043962729,0.03490434524178655,0.5243116578793204
constraint,0.12402234636871508,0.0022039432997646158,0.019793482233622827,0.518539976825029
finite,0.08268156424581005,0.0006791413824583008,0.013908340779196931,0.4963948973932335
finite state,0.0759776536312849,0.0006376745189673465,0.011289889959627788,0.5062217194570136
morphology,0.048044692737430165,8.522110682309452e-05,0.011097202268599275,0.49014238773274915
prosodic,0.054748603351955305,0.00013829008283767618,0.01526688931699239,0.4974986103390773
prosodic morphology,0.021229050279329607,4.6228809609977106e-06,0.0038084610497115894,0.424573055028463
state,0.12849162011173182,0.00146576633676864,0.024166769469029806,0.516743648960739
word,0.6011173184357541,0.020327490688429213,0.27121442026475207,0.5646687697160884
allows,0.1206703910614525,0.0031673189391568145,0.02305968908374155,0.5252347417840375
analyzed,0.053631284916201116,0.0007054448582982577,0.006692617948371176,0.5030916245081506
corpus,0.4335195530726257,0.019636971817549486,0.14261318254777935,0.5704270235818993
evaluation,0.20446927374301674,0.003645181150814883,0.04895510896667596,0.5314726840855107
comparison,0.05810055865921787,0.0003534214810640573,0.007542475659985624,0.4922992299229923
accuracy,0.2782122905027933,0.009502157388463993,0.06535979303307701,0.5500921942224954
address,0.06815642458100558,0.0005134600008304721,0.011124829350077333,0.5073696145124716
analyze,0.05810055865921787,0.00037314345415570647,0.008529972931048953,0.5030916245081506
method,0.4972067039106145,0.02087368645328606,0.1789917927781475,0.5678934010152284
develop,0.034636871508379886,9.627454639095998e-05,0.005582818267895209,0.4896061269146608
advantage,0.0994413407821229,0.0012147142291739847,0.016411035525432306,0.5128939828080229
annotated,0.1329608938547486,0.0017756463555753702,0.028785876220208093,0.5197444831591173
annotated corpus,0.05698324022346368,0.0004135861329971049,0.009265983431125748,0.5091012514220705
component,0.09385474860335195,0.0009805096225985923,0.01992957850040389,0.5149597238204833
resource,0.1977653631284916,0.0034320926737919084,0.048414487623900306,0.5324211778703153
used,0.22458100558659216,0.006916710530706059,0.05041852133405263,0.5398069963811821
application,0.30167597765363124,0.012456722748748006,0.06927333184939545,0.5552109181141439
apply,0.055865921787709494,0.00044566244101108604,0.00877308064395077,0.5076574021554169
characteristic,0.02346368715083799,5.671071337381473e-05,0.0024196111509106983,0.4780982905982906
case,0.11396648044692737,0.0022009967200712615,0.015439017035362145,0.5243116578793204
generative,0.024581005586592177,0.0001292957576235107,0.004135069863018353,0.46469366562824505
time,0.13072625698324022,0.0031400879265778754,0.024189604557660623,0.528023598820059
tree adjoining,0.022346368715083796,2.5715419176973467e-05,0.003990766906126405,0.444831013916501
meaning,0.16312849162011173,0.004036424131185084,0.033428960530090174,0.5317884729649436
preference,0.029050279329608936,6.194650052756073e-05,0.0063077185817153126,0.4745493107104984
representation,0.2983240223463687,0.007747730269362984,0.09097739478547108,0.549079754601227
synonym,0.03240223463687151,0.00010068028709623079,0.005070848482317516,0.49121844127332603
analysis,0.4256983240223463,0.019956674785019505,0.12150010398826208,0.5671736375158428
occurrence,0.053631284916201116,0.0003125859542955319,0.009490467691628238,0.5016816143497758
choice,0.035754189944134075,0.00015571050647202433,0.004479970729227925,0.4955703211517165
network,0.18324022346368712,0.0034624208409476482,0.05178031319116542,0.5305275637225845
error,0.1217877094972067,0.0015947023659773196,0.035164444676314174,0.518840579710145
rate,0.08491620111731843,0.0009172929543505846,0.018589234912558476,0.5014005602240896
rule,0.22569832402234635,0.005315056249875571,0.057315560315742656,0.5359281437125748
rule based,0.025698324022346366,0.00015071503657687924,0.005500400499510147,0.4796355841371919
statistical,0.15642458100558657,0.0023630677644203434,0.0513173634449819,0.518539976825029
based tagger,0.029050279329608936,9.014283929838759e-05,0.005663563690481608,0.48040794417606014
error rate,0.043575418994413403,0.00021282628665537833,0.011258827749444238,0.4942020982882385
modeling,0.10391061452513965,0.0010808352880929688,0.02771953878817185,0.5155529953917051
syntactic,0.16312849162011173,0.0039195985163521085,0.033831974689699035,0.5283353010625738
achieved,0.04469273743016759,0.00018320468942041918,0.01051381870082811,0.5039414414414415
annotation,0.2223463687150838,0.004608239770684744,0.060516241463247564,0.533373063170441
automatic,0.1977653631284916,0.003578982042942948,0.062472324108815896,0.5277122641509434
automatic speech,0.05921787709497206,0.0002789114214477322,0.01531075276064164,0.5011198208286675
binary,0.05139664804469273,0.0003626523197761112,0.013319257704518327,0.48720740337506807
knowledge,0.21117318435754187,0.005568662702378372,0.053156173647919275,0.5378605769230769
disambiguation,0.11955307262569831,0.0014108975440583677,0.03180560500403838,0.5182397220613781
learning,0.30167597765363124,0.01006045764240849,0.10532588162000936,0.5470660146699267
problem,0.16424581005586592,0.004012597321306399,0.03279095440249585,0.5324211778703153
acquisition,0.08044692737430167,0.0007003351041665993,0.016764361920418573,0.5128939828080229
development,0.11843575418994412,0.0016865122863875385,0.02482163109152599,0.5197444831591173
lexical semantic,0.027932960893854747,4.773648890050938e-05,0.004646536523926235,0.47989276139410186
semantic,0.3240223463687151,0.00988225343849614,0.10646007259722846,0.550430504305043
fragment,0.03910614525139664,0.00013538338438286962,0.0066503883408774,0.5019629837352776
similarity,0.1340782122905028,0.0019668299937860598,0.027632184836345414,0.5243116578793204
dynamic,0.07150837988826815,0.0008357558288623588,0.013355669325631526,0.5082339579784213
paragraph,0.041340782122905026,0.00014100287739952192,0.008646949132690183,0.48933843630399126
text,0.48268156424581,0.02251221625559447,0.16044990442297652,0.5704270235818993
basis,0.061452513966480445,0.0006008007538706812,0.009240773744493485,0.5067950169875425
domain,0.2212290502793296,0.005747100701792136,0.05057684490037624,0.5385078219013237
general,0.07262569832402234,0.0009426534435033394,0.007529712951186312,0.5033745781777278
limited,0.029050279329608936,0.0001344661529434943,0.0031596319989254506,0.4909489851892485
linguistic,0.2301675977653631,0.007021931415580305,0.05160250166535517,0.5430825242718447
order,0.12960893854748604,0.002464019994201926,0.019549584096953652,0.5264705882352941
oriented,0.05027932960893854,0.0002963008971039988,0.00803084827879738,0.5053642010163749
support,0.053631284916201116,0.00038725212698284783,0.007380746432707287,0.4969461410327596
task,0.33743016759776534,0.011616217274641452,0.0814797506167535,0.5538366336633663
adaptation,0.05027932960893854,0.00038013571088279217,0.010600840026279267,0.4963948973932335
data,0.3754189944134078,0.015849053822658703,0.11219445935538633,0.5632473253618628
set,0.18994413407821228,0.004752140739900195,0.03673838659014853,0.5378605769230769
result,0.17988826815642456,0.0036710967284418953,0.033547490723854365,0.5317884729649436
data set,0.061452513966480445,0.0002555645757937895,0.011339280479238219,0.5105533371363377
developed,0.05027932960893854,0.0002974124638504354,0.008764096896131838,0.5082339579784213
empirical,0.030167597765363124,5.7711303734359235e-05,0.005136721307032203,0.494475138121547
applied,0.09608938547486033,0.0011072988341351737,0.01716787387928413,0.5140723721998851
depth,0.027932960893854747,2.840840786707304e-05,0.005629867265716555,0.49284140969163
treebank,0.06033519553072625,0.0006066181197068436,0.006757304780032765,0.4997208263539922
size,0.04469273743016759,0.00036962606172161443,0.007264624954859448,0.5076574021554169
complete,0.027932960893854747,0.0003142804575113588,0.0024054059862244153,0.4382957884427032
lexicon,0.1877094972067039,0.0045793831055288454,0.03788167986384979,0.5352870813397129
argument,0.08268156424581005,0.0007136742809580458,0.010669743799029519,0.5152561888313184
first,0.14525139664804468,0.0032520482436975,0.02269871097461055,0.5302132701421801
simple,0.08379888268156424,0.0009648191633092397,0.013198851166379826,0.5088118249005117
sense,0.11508379888268155,0.0016048917994610059,0.03416478262051185,0.514367816091954
paper,0.2871508379888268,0.010367707812951023,0.06001466242878478,0.5507692307692308
tagging,0.10167597765363127,0.0010296034467394755,0.022642079210334398,0.5128939828080229
word sense,0.061452513966480445,0.0002800708317211318,0.020113003749117772,0.49667036625971145
also,0.3418994413407821,0.016292772016311272,0.08758960526462607,0.559375
format,0.09608938547486033,0.0009456024341691233,0.016866350335607457,0.5036578503095104
may,0.06815642458100558,0.0007151594418284294,0.010702021589666324,0.5082339579784213
formal,0.10391061452513965,0.0009402037692106735,0.022742663700509792,0.5161476355247981
framework,0.176536312849162,0.0034803214633539136,0.034616993906669426,0.534647550776583
notation,0.024581005586592177,5.63068346545768e-05,0.0047944825765290815,0.4563997960224375
standard,0.10391061452513965,0.0015712003051641514,0.017516765243319108,0.518539976825029
dialogue,0.09273743016759775,0.0008002473100558624,0.019207818755584544,0.5093910073989756
user,0.08715083798882681,0.0011953231957825023,0.013796705123344336,0.5146635997699828
dialogue system,0.02346368715083799,4.3442502121649756e-05,0.003518312007972417,0.47329455314648333
spoken,0.07374301675977653,0.0007321789887133829,0.01273753352269806,0.5079455164585698
although,0.0335195530726257,0.00014902057518108435,0.005091932521551544,0.4922992299229923
processing,0.2089385474860335,0.00744288759663419,0.05334489265374554,0.5430825242718447
transducer,0.022346368715083796,4.866610729717678e-05,0.003466723760319947,0.4490717511289513
allowing,0.03798882681564245,0.00030764671564229403,0.006479474413193999,0.5036578503095104
area,0.09720670391061452,0.0011245022109886828,0.01697249938325381,0.5134825014343086
modelling,0.053631284916201116,0.0005010881173538346,0.010277888397510043,0.484569572279372
technique,0.17318435754189943,0.003912249688760968,0.037247818475041106,0.5295857988165681
based approach,0.02346368715083799,4.063087531485895e-05,0.006465316356382627,0.4424122590212556
prosody,0.029050279329608936,8.356294194845155e-05,0.0049775837023461065,0.48588490770901194
memory,0.07932960893854749,0.0009673909540496548,0.016071641701648157,0.5082339579784213
style,0.05251396648044692,0.0002772645072567649,0.008774700370925433,0.5039414414414415
constituent,0.05251396648044692,0.0004840092768875404,0.008376086453006335,0.505079006772009
training,0.09720670391061452,0.0008728473217849828,0.022317813657816193,0.5134825014343086
induction,0.05139664804469273,0.00032714053784898227,0.008742383384861562,0.4991634132738427
level,0.19999999999999998,0.0033482739948572818,0.05195830639861041,0.533373063170441
japanese,0.1106145251396648,0.0015416918529086556,0.018925174363337086,0.5149597238204833
sentence,0.29050279329608936,0.009284765456644473,0.07172733479617328,0.5511083743842364
hierarchy,0.041340782122905026,0.00032141220130113367,0.005931968215624977,0.5022446689113356
japanese sentence,0.024581005586592177,4.9381761875043916e-05,0.002609903789351138,0.4296687469995199
mark,0.04692737430167598,0.0003790833239400606,0.005629818105388933,0.5030916245081506
spoken language,0.026815642458100558,0.00011285098855490954,0.004420227372006983,0.45756646216768915
type,0.11508379888268155,0.0018984124479108756,0.01684428394715402,0.521865889212828
chunking,0.02346368715083799,0.00012005907256819602,0.004017046886954439,0.4791220556745182
module,0.04692737430167598,0.0002964853784063893,0.009551568685840315,0.4920285871357889
nlp,0.1418994413407821,0.0020884001203351644,0.030856077259229675,0.5215617715617715
find,0.11508379888268155,0.002030662041951992,0.013766315612797512,0.5209545983701979
grammatical,0.08715083798882681,0.0006535175471565632,0.01564298186685773,0.50997150997151
relationship,0.02346368715083799,9.663303787360816e-05,0.0026978939521642054,0.47229551451187335
transformation,0.05027932960893854,0.0005925217918062483,0.00829694515308545,0.4931129476584022
achieves,0.08044692737430167,0.0007062581396158918,0.013795851202618871,0.5137772675086107
core,0.02346368715083799,7.121104503128432e-05,0.0037040411277773095,0.4690775681341719
temporal,0.1206703910614525,0.0013133187185045928,0.020710141280890052,0.514367816091954
top,0.04469273743016759,0.000329269079975748,0.0047868244337317,0.4740466101694915
database,0.08491620111731843,0.0008671331260585363,0.016376302339414246,0.5155529953917051
expression,0.10726256983240223,0.0014130652007918265,0.01486113129987815,0.5161476355247981
called,0.05139664804469273,0.0004752250239623252,0.007311549109168986,0.5059355568117581
existing,0.06256983240223463,0.0004899317898459917,0.009259876522452892,0.5014005602240896
like,0.088268156424581,0.001115292202008145,0.013710895290753613,0.518539976825029
dictionary,0.1843575418994413,0.004489750555532802,0.04062552010957496,0.5317884729649436
labeling,0.03240223463687151,0.00015865843809981998,0.002040714934227219,0.45991778006166495
multilingual,0.09162011173184356,0.0011786381139379776,0.014373575185677393,0.5170421721548238
taxonomy,0.02346368715083799,5.337967061403699e-05,0.00195632124300158,0.437866927592955
wordnet,0.07486033519553072,0.000862866073115766,0.011135017489904284,0.5056497175141242
discus,0.03128491620111731,0.00013997857527870815,0.0038637371443249542,0.47154899894625923
robust,0.03798882681564245,0.00012046622033996915,0.005558402758893803,0.48694232861806314
source,0.09720670391061452,0.0015058697633433561,0.016583555795430225,0.52065154159395
machine,0.3139664804469273,0.009445785546484942,0.13196034551101138,0.5524691358024691
machine translation,0.20111731843575417,0.003126600588326709,0.09724563260172071,0.5283353010625738
translation,0.3195530726256983,0.008382884061678312,0.14578869292644797,0.5487431023911711
example,0.0770949720670391,0.0008065555864195335,0.016787427547748472,0.49667036625971145
example based,0.024581005586592177,5.530349414849459e-05,0.006390403435790202,0.44350842418235875
annotation graph,0.029050279329608936,5.1782050880616906e-05,0.004915084335203925,0.4683411826268969
graph,0.13743016759776536,0.0017520499290235502,0.029354658486812197,0.5221703617269545
show,0.13072625698324022,0.002198958248142058,0.024023243383286697,0.5230859146697837
hybrid,0.05251396648044692,0.00023517094161944226,0.012006421653893425,0.5019629837352776
chunk,0.04022346368715084,0.0002302391888312435,0.005294941785954258,0.48987411056376573
able,0.15083798882681562,0.0037633885658851754,0.038719671665147205,0.5324211778703153
based learning,0.06368715083798882,0.0008817292388826611,0.013834932015035379,0.5091012514220705
best,0.042458100558659215,0.0002685248162398415,0.006109446011530605,0.4885371179039301
technical,0.03240223463687151,8.985666911030632e-05,0.007181233889397232,0.45663265306122447
base,0.11508379888268155,0.0013931325321962804,0.02680164080086049,0.5126002290950744
clir,0.02346368715083799,4.687049910591492e-06,0.008608476705090429,0.4332042594385286
compound,0.05698324022346368,0.000496111721239636,0.009290315556331306,0.4791220556745182
cross,0.11173184357541899,0.0016639799636155707,0.022598335585541977,0.5221703617269545
cross language,0.03240223463687151,8.559593724898655e-05,0.010283875170622249,0.47555791710945805
coverage,0.06256983240223463,0.0004307929510551026,0.008530159195877685,0.5105533371363377
identification,0.08379888268156424,0.0009608244735611484,0.012244799732462236,0.516743648960739
classification,0.16089385474860335,0.0030867725710686405,0.031930088915003506,0.5286473715298287
confidence,0.03128491620111731,4.709580605083657e-05,0.007150126002997734,0.488803932277444
bottom,0.02011173184357542,0.0001507466423232816,0.0016135966080088834,0.43851053405193535
scheme,0.05139664804469273,0.00030617105955943404,0.007670230636302246,0.505079006772009
annotation scheme,0.03240223463687151,7.485403053131772e-05,0.00529815953726207,0.49667036625971145
template,0.03240223463687151,0.00012472659604035398,0.0063138752780633215,0.4950221238938053
using,0.33743016759776534,0.011814702986213482,0.09135768936852016,0.5586766541822722
category,0.08379888268156424,0.0015561696513523382,0.013548320488399622,0.5114285714285715
new,0.1977653631284916,0.0056284021596201324,0.036266637708836445,0.540132770066385
mean,0.04469273743016759,0.00033882846773303785,0.005287053770806956,0.4947484798231067
ability,0.08379888268156424,0.0009669025465709255,0.014109561897731068,0.5149597238204833
achieve,0.05139664804469273,0.0002882214295778627,0.008677591006151428,0.5067950169875425
clustering,0.0759776536312849,0.0004976963959333321,0.015303648064236673,0.5079455164585698
correspondence,0.027932960893854747,9.15410226332363e-05,0.0054531012450530865,0.49667036625971145
topic,0.09497206703910614,0.0010759683790659245,0.020156081208240747,0.5047941342357586
query,0.09608938547486033,0.0007237025368654143,0.028157015334384937,0.504225352112676
natural,0.2983240223463687,0.007748476360449329,0.12338432336884268,0.5484068627450981
natural language,0.2670391061452514,0.006344974156737225,0.1118585877708869,0.546731826511912
aimed,0.034636871508379886,0.00010293540891981808,0.00693275279226767,0.4920285871357889
sense disambiguation,0.054748603351955305,0.0002007250128396016,0.017438155389532937,0.4909489851892485
approximation,0.04022346368715084,0.00024858584754043416,0.004415626230947469,0.49667036625971145
context free,0.05698324022346368,0.0007022150161362573,0.005726128930894494,0.49722222222222223
free,0.09720670391061452,0.0015388390830524733,0.012072697182778412,0.5149597238204833
regular,0.02346368715083799,8.119176918295447e-05,0.002852052275559913,0.4848320693391116
automaton,0.05698324022346368,0.0003373254818118914,0.010223978763645046,0.4936569222283508
experiment,0.10726256983240223,0.0016027199721170863,0.015805687565841834,0.52065154159395
question,0.08938547486033518,0.0006342968147199162,0.020120236310963983,0.5056497175141242
answering,0.04692737430167598,0.00012687452899375087,0.011120037679118658,0.4955703211517165
question answering,0.035754189944134075,6.473896185444523e-05,0.00866762819860843,0.48800436205016356
answer,0.08156424581005586,0.0004761606820669194,0.0166631478230826,0.4922992299229923
accurate,0.10614525139664803,0.001365408866211158,0.01720563779770138,0.5134825014343086
reduplication,0.01675977653631285,1.0227196143952236e-06,0.0024411239867738214,0.41092745638200184
additional,0.05810055865921787,0.0007661187305087254,0.005761608093640449,0.49888517279821626
computational,0.11731843575418993,0.002524536101849995,0.016561095965659172,0.5197444831591173
one,0.20446927374301674,0.005512916747918439,0.04223262700363447,0.5394816154309825
frame,0.06927374301675977,0.0005203540277886775,0.00897221773789982,0.5114285714285715
anaphora,0.08044692737430167,0.0009093117195337712,0.008315362561193602,0.5088118249005117
pronoun,0.049162011173184354,0.00035930669978123376,0.006470412824675336,0.4974986103390773
referent,0.027932960893854747,8.05961839961223e-05,0.002713934679233656,0.463010863942059
noun phrase,0.04692737430167598,0.00016357115630753427,0.007923945284493064,0.49014238773274915
phrase,0.17765363128491618,0.002906751772278034,0.05656517653608486,0.5258519388954171
property,0.09497206703910614,0.001264370465715714,0.01345764112988023,0.5194428322692978
antecedent,0.04469273743016759,0.00024437732709283204,0.004849967610215972,0.4955703211517165
verb,0.09832402234636871,0.00107477219950112,0.015632824667825437,0.5093910073989756
resolution,0.09497206703910614,0.000922979958307916,0.01700341312993214,0.5173410404624278
aspect,0.05810055865921787,0.00046437787010025967,0.012287858926725174,0.49284140969163
modality,0.03240223463687151,9.341659289630554e-05,0.008439351617861409,0.47006302521008403
tense,0.027932960893854747,8.436183568992404e-05,0.004761730333973607,0.47707889125799574
japanese english,0.026815642458100558,9.615635156147801e-05,0.005228123427584569,0.4656607700312175
mixed,0.02346368715083799,3.509467109045752e-05,0.004370723363451449,0.47733333333333333
search,0.07262569832402234,0.0007272372328166062,0.009974528712505724,0.5093910073989756
strategy,0.03798882681564245,0.0002589090704104676,0.005172113647033328,0.4986072423398329
variable,0.04022346368715084,0.0001263397019993459,0.006561005277029646,0.5028089887640449
extraction,0.12402234636871508,0.0012456858384457725,0.025070796490804258,0.5224751897256276
answer extraction,0.02011173184357542,8.910201041424948e-06,0.0036347156752051446,0.45042778057372923
logical,0.07039106145251396,0.00056263927508987,0.010308555641457277,0.5085227272727273
retrieval,0.09608938547486033,0.0006843280972535959,0.031410689908359185,0.49284140969163
measure,0.15865921787709497,0.0031477688702849023,0.033983333753371855,0.5274012964054213
distributional,0.07821229050279328,0.0005576420941655865,0.016843347426752347,0.5039414414414415
function,0.09497206703910614,0.0011467509379419222,0.011828359503549511,0.5161476355247981
broad,0.029050279329608936,8.226101682016062e-05,0.00364942577438615,0.4896061269146608
language modeling,0.03798882681564245,0.00010413420890694895,0.01162794271421586,0.47631718999467804
gram,0.08379888268156424,0.0005620916947329952,0.03313351711304392,0.5062217194570136
recognition,0.23240223463687149,0.004521333229482254,0.08090207965646713,0.5343283582089552
presented,0.04469273743016759,0.00011472528401683586,0.017834900785563924,0.4791220556745182
speech recognition,0.0770949720670391,0.0005803271661582093,0.029212126558101285,0.5019629837352776
attempt,0.0659217877094972,0.000803479620202176,0.013491181732670426,0.5028089887640449
performance,0.1430167597765363,0.0029825174185529133,0.030876955301332408,0.5270906949352179
structured,0.04469273743016759,0.00010236594760386968,0.014308156638730484,0.49888517279821626
structured language,0.024581005586592177,1.7333712345476034e-05,0.010602952808195525,0.4461615154536391
trigram,0.0335195530726257,3.0470830957382612e-05,0.010554257409049639,0.47354497354497355
trigram model,0.02346368715083799,7.380279410336024e-06,0.009071448831854513,0.4298751200768492
definition,0.05810055865921787,0.0005565139874660391,0.009276889619662727,0.504225352112676
many,0.10726256983240223,0.0014683755822349478,0.019636843758187517,0.5155529953917051
among,0.12290502793296089,0.0019074322183486047,0.018134122478745966,0.5173410404624278
usage,0.026815642458100558,8.31147222917984e-05,0.0034114953975427453,0.47733333333333333
basic,0.049162011173184354,0.0005785372752536901,0.00863382377229403,0.5014005602240896
degree,0.029050279329608936,0.00011809222129701986,0.004838588151182672,0.4822198275862069
call,0.03240223463687151,0.0005643481081029706,0.0035663885320135094,0.4947484798231067
agent,0.025698324022346366,8.16492193960576e-05,0.00460175724826298,0.4517920242301868
phoneme,0.06033519553072625,0.0006166311744289354,0.00991909036546545,0.5008393956351427
grapheme,0.03128491620111731,8.071057963800204e-05,0.005481384636035437,0.49667036625971145
conversion,0.034636871508379886,7.465077819530567e-05,0.006104393750664,0.47657082002129925
grapheme phoneme,0.03128491620111731,8.071057963800204e-05,0.005481384636035437,0.49667036625971145
account,0.11731843575418993,0.0022517731195055546,0.019424135718765223,0.5227803738317757
linear,0.041340782122905026,0.00026783888663596534,0.0046705023714847275,0.4853579175704989
1998,0.053631284916201116,0.000431244601836365,0.005910419641875437,0.504225352112676
advance,0.041340782122905026,0.0002856809552746083,0.004827374290685618,0.5
art,0.1843575418994413,0.004426288550057045,0.04035345478468175,0.5327380952380952
boundary,0.0335195530726257,0.00012295075113537274,0.00303457534666378,0.4796355841371919
class,0.14078212290502792,0.0019328105623903208,0.0306533446971633,0.5227803738317757
news,0.049162011173184354,0.00033891036809879883,0.009730951578048758,0.4974986103390773
entity,0.18994413407821228,0.002906412899237645,0.045301010141226256,0.5298993487270575
name,0.08156424581005586,0.00048492239181236515,0.018816803270018532,0.5047941342357586
named,0.09273743016759775,0.0005373229011567448,0.022362334156299377,0.5088118249005117
named entity,0.09273743016759775,0.0005373229011567448,0.022362334156299377,0.5088118249005117
discourse,0.1541899441340782,0.003889669147226455,0.031134810457531924,0.5261610817166372
computer,0.10502793296089384,0.0010677227380165768,0.02419808899437636,0.5161476355247981
procedure,0.026815642458100558,6.665774350668921e-05,0.004917831015065715,0.4955703211517165
random,0.04692737430167598,0.0002899586877995495,0.006283226906638873,0.47130068457082674
ensemble,0.041340782122905026,0.00014782956661390397,0.007531482551229605,0.4994419642857143
classifier,0.06927374301675977,0.0005199497304130094,0.010840970463435209,0.5120137299771167
different,0.2938547486033519,0.013213852046764455,0.05564782798413652,0.5569383945239577
combining,0.04581005586592178,0.00022486768580025612,0.008160464336566748,0.5036578503095104
large,0.07486033519553072,0.00044460040428021685,0.01223684768980635,0.5096810933940774
test,0.04022346368715084,0.00023653060186448098,0.004347488108291519,0.4925701706108971
predictive,0.04022346368715084,0.0002858853889297985,0.00952383219451423,0.5011198208286675
two,0.16871508379888267,0.003857103384284365,0.03566486140669858,0.5330553901131626
output,0.11173184357541899,0.0008874575339215729,0.027858127564028043,0.5126002290950744
machine learning,0.049162011173184354,0.0001881148115130349,0.014956704497635233,0.4922992299229923
interface,0.04581005586592178,0.00025438818198363186,0.006169652946846997,0.49284140969163
meta,0.034636871508379886,7.641731246659478e-05,0.005775867559492301,0.4939293598233996
script,0.05921787709497206,0.00034816909852570534,0.010321020471897065,0.5076574021554169
architecture,0.1217877094972067,0.0020519355072480443,0.023857360904146314,0.5212580081537566
people,0.043575418994413403,0.00022866896791525837,0.006131447344368716,0.4950221238938053
phenomenon,0.02346368715083799,7.323989718569407e-05,0.0017399595416912634,0.4524772497472194
way,0.029050279329608936,0.00012778314988338263,0.003808622812281301,0.48694232861806314
central,0.03128491620111731,0.00016469212602753682,0.005106004875345477,0.48987411056376573
doe,0.03240223463687151,0.00019767258432693395,0.004866645020201689,0.4980523094045632
examine,0.029050279329608936,0.00015643441367236955,0.0016002373905603267,0.46517671517671516
good,0.034636871508379886,0.00017176521322812127,0.003941315588370556,0.4866775421424687
unification,0.026815642458100558,7.162109989588955e-05,0.006249507368716036,0.48588490770901194
human,0.15754189944134078,0.0026803889134304295,0.035446604799014486,0.5264705882352941
conversation,0.04469273743016759,0.00021265284318404824,0.007918167352652977,0.4931129476584022
conversational,0.07262569832402234,0.0006184951243455465,0.013219389672966727,0.5079455164585698
automatically,0.09162011173184356,0.0010803645340210135,0.014450115628602938,0.5146635997699828
could,0.036871508379888264,0.00013062214133968775,0.006766661542667031,0.4991634132738427
entropy,0.04692737430167598,0.00021585255948160557,0.01017012992629574,0.4969461410327596
relative,0.030167597765363124,0.00011112530839020345,0.0079295168350571,0.47835382148583644
criterion,0.07262569832402234,0.000680017298993543,0.013839943397450635,0.5117209834190967
change,0.11731843575418993,0.002553029208358794,0.02228022279024588,0.5252347417840375
generate,0.029050279329608936,7.305667312616668e-05,0.005633239146123081,0.4914881933003844
attribute,0.055865921787709494,0.0003304316709598372,0.01015148027138198,0.5025266704098821
cue,0.029050279329608936,4.201322877610434e-05,0.008604590559834974,0.48118279569892475
word based,0.03128491620111731,0.00013842471821435586,0.007503338994596163,0.488803932277444
optimality,0.025698324022346366,2.647890199404406e-05,0.002238197499830811,0.4632505175983437
optimality theory,0.025698324022346366,2.647890199404406e-05,0.002238197499830811,0.4632505175983437
theory,0.07039106145251396,0.0005206729892638428,0.008856753304176965,0.5053642010163749
non,0.12402234636871508,0.0027738353640109547,0.023954587667578305,0.5252347417840375
implementation,0.03240223463687151,0.0001971707332450262,0.004840959167744373,0.4874727668845316
minimal,0.036871508379888264,0.0001705587884903267,0.0042428084553710384,0.48170075349838537
phase,0.04469273743016759,0.000276065469119253,0.0042099192614998325,0.4896061269146608
sample,0.03240223463687151,8.762941738420552e-05,0.004353462205592228,0.4942020982882385
small,0.0335195530726257,8.297058514078378e-05,0.004567303646862955,0.48827059465357336
signal,0.03798882681564245,0.000170023793565492,0.004901026395220198,0.4931129476584022
tool,0.1664804469273743,0.0028913060229439737,0.03175736008750961,0.5289598108747045
abstract,0.12290502793296089,0.0016680133024396032,0.030514915433592076,0.5209545983701979
issue,0.027932960893854747,0.0001023127009185185,0.0026921385306587432,0.4806659505907626
study,0.1318435754189944,0.001905026694926695,0.023332999091077573,0.5246189917936694
distribution,0.10391061452513965,0.0014090079971690729,0.019231677668622903,0.5146635997699828
parameter,0.06256983240223463,0.000515991510317319,0.012125721844654085,0.5085227272727273
rank,0.022346368715083796,6.276197953138927e-05,0.003249256442028666,0.47707889125799574
node,0.036871508379888264,0.00019697596185055147,0.004714260438642335,0.46736292428198434
already,0.05810055865921787,0.0005495928740618668,0.007336829894178691,0.5067950169875425
ambiguity,0.09497206703910614,0.001267400838332887,0.021739272209292348,0.5152561888313184
candidate,0.06815642458100558,0.0008540389433100011,0.01017434837072146,0.5128939828080229
detection,0.088268156424581,0.0009156780718221223,0.015296159630768158,0.5062217194570136
controlled,0.053631284916201116,0.0003337255114446508,0.016293861500457998,0.48933843630399126
based grammar,0.043575418994413403,0.00023716917908977496,0.008910657073633733,0.4952960708356392
constraint based,0.025698324022346366,3.556005253187536e-05,0.005189772462472818,0.45944558521560575
difference,0.05810055865921787,0.0005417573944900517,0.00812109876908757,0.5053642010163749
come,0.029050279329608936,0.00012339776827166989,0.0053114531763849455,0.45944558521560575
hierarchical,0.041340782122905026,0.000292533404131771,0.007411569295076345,0.49284140969163
agreement,0.06480446927374302,0.0005754178812231151,0.007253814803856529,0.5053642010163749
combination,0.07374301675977653,0.000697839535441741,0.009418479053014132,0.5140723721998851
pronunciation,0.048044692737430165,0.00027884276598970635,0.008909804625000453,0.5
dop,0.025698324022346366,7.899873397781122e-05,0.00403950133198417,0.45202020202020204
derivation,0.04581005586592178,0.00032531078020715646,0.006181609812320779,0.504225352112676
matching,0.036871508379888264,0.00022356147603259404,0.006212817052196397,0.4933847850055127
multiple,0.09385474860335195,0.0007989297204097631,0.019517052770936627,0.5126002290950744
left,0.041340782122905026,0.0007612016126347505,0.004018271093282867,0.4856212696690179
contrast,0.025698324022346366,0.00013833857346650278,0.0029459923686279174,0.4786096256684492
efficient,0.024581005586592177,0.00010690142248862442,0.005319189971168569,0.463010863942059
local,0.03240223463687151,0.00019470273605293835,0.004535459359639624,0.4939293598233996
larger,0.026815642458100558,9.263763880653687e-05,0.005364876100802347,0.4952960708356392
much,0.024581005586592177,9.030297690517732e-05,0.002805666357221097,0.47886570358480474
produce,0.035754189944134075,0.00021143497858617334,0.0058156593717253935,0.488803932277444
selectional,0.026815642458100558,5.095257921041302e-05,0.0044920514167892285,0.4426310583580613
second,0.04581005586592178,0.00038840875522114563,0.0046750176777044395,0.5033745781777278
useful,0.026815642458100558,0.00010005630287025778,0.004398600637373694,0.48040794417606014
anaphora resolution,0.05251396648044692,0.0002620135836565328,0.006385349609942544,0.4983296213808463
estimation,0.041340782122905026,0.0001842273255970391,0.005856639819154272,0.4727945060750132
prior,0.04692737430167598,0.0001930842426875494,0.010708956904493864,0.4963948973932335
hand,0.048044692737430165,0.00022576051655612107,0.006392946692647535,0.505079006772009
previous,0.03910614525139664,0.00010680712082005297,0.004029301572696003,0.4786096256684492
semi,0.042458100558659215,0.00014021298305324844,0.006291277398850652,0.5002794857462269
metric,0.08603351955307262,0.0007876462744458494,0.015684777423149176,0.50997150997151
event,0.11508379888268155,0.0017477553562610583,0.017866487472066653,0.52065154159395
high,0.07486033519553072,0.0006001983953652105,0.011749895365420203,0.5085227272727273
across,0.10167597765363127,0.0014957966917093946,0.015108941533770895,0.5203488372093024
across different,0.0335195530726257,0.00010182920515098235,0.0036555096860004695,0.48641304347826086
version,0.025698324022346366,9.567641820965463e-05,0.004266521195066324,0.4837837837837838
interpretation,0.04022346368715084,0.00014765892492184392,0.00661578769595949,0.5005592841163311
another,0.0659217877094972,0.0004374336440711344,0.012756872947286063,0.5067950169875425
decision,0.06480446927374302,0.0004323340124804776,0.009558095163943217,0.5019629837352776
information retrieval,0.035754189944134075,0.00013382417827377573,0.006873787698077115,0.48694232861806314
temporal expression,0.030167597765363124,0.00010120722946819498,0.0040033989776337145,0.4909489851892485
addition,0.06815642458100558,0.0014905809972831617,0.008553240740899321,0.5076574021554169
addressed,0.04692737430167598,0.00024913101501172443,0.008038226145542103,0.5008393956351427
adverbial,0.041340782122905026,0.0004224144024599938,0.0025794661165732796,0.47657082002129925
target,0.05810055865921787,0.00022336774784773397,0.014089854200667556,0.48247978436657685
inference,0.05921787709497206,0.00039634546996074695,0.01221364043164693,0.5056497175141242
quantitative,0.026815642458100558,9.978846671671271e-05,0.0028195406571692983,0.48720740337506807
program,0.035754189944134075,0.0002323867461605589,0.005394525226730747,0.49667036625971145
algorithm used,0.02346368715083799,6.733922661133201e-05,0.004042890886778973,0.4524772497472194
shared,0.03798882681564245,9.030650663048389e-05,0.007208376629706676,0.46349041947177627
shared task,0.029050279329608936,8.946818241693805e-05,0.004014004861490162,0.4627714581178904
2000,0.04469273743016759,0.0004477894096476631,0.005047149448566823,0.4947484798231067
conll,0.03128491620111731,4.399781823101277e-05,0.006579811813179878,0.45944558521560575
background,0.024581005586592177,4.913454500589166e-05,0.0026143621986057498,0.45850409836065575
calculus,0.061452513966480445,0.000704149434035285,0.007240590858794646,0.4874727668845316
process,0.04469273743016759,0.00042201531933049545,0.005229320556598042,0.49175824175824173
step,0.042458100558659215,0.00022097175394042974,0.004014308943304578,0.5022446689113356
work,0.10391061452513965,0.0012449206570129027,0.023111900351289683,0.514367816091954
attention,0.024581005586592177,6.346244370481927e-05,0.003233773405225018,0.48118279569892475
common,0.07932960893854749,0.0009907285584645354,0.012738386846732534,0.5134825014343086
frequency,0.08491620111731843,0.0012472331581733968,0.01654121536367717,0.5126002290950744
hypothesis,0.027932960893854747,0.00033536422429723795,0.002624938793255212,0.4543147208121827
lattice,0.027932960893854747,0.0001089251374467461,0.004463266232054374,0.4896061269146608
describe,0.11620111731843574,0.0018077978823614778,0.01926878736368017,0.5233918128654971
amount,0.042458100558659215,0.0001223632648143045,0.009162447973014283,0.4952960708356392
list,0.048044692737430165,0.00022357382978312884,0.008132890648749194,0.5008393956351427
web,0.06815642458100558,0.0005807874541294577,0.011729709218576035,0.5093910073989756
acquired,0.03128491620111731,0.0001287320056805532,0.0030708155403204027,0.488803932277444
basque,0.025698324022346366,4.8017804878807895e-05,0.0029580238594869197,0.46785154208050184
semantic relation,0.03910614525139664,7.66786491651623e-05,0.010576570607011547,0.4931129476584022
concept,0.13519553072625698,0.0019408450672190494,0.031549145395693895,0.5140723721998851
cluster,0.05810055865921787,0.00047975776610989626,0.009869667428741903,0.5047941342357586
ontology,0.09497206703910614,0.001441565343240165,0.015428844613341802,0.5161476355247981
related,0.055865921787709494,0.0004048374285000977,0.008778202170911178,0.505079006772009
sens,0.036871508379888264,0.0002321261454805178,0.005891610761772762,0.47835382148583644
signature,0.022346368715083796,3.7426596082478106e-05,0.0028435748261296636,0.4468297553669496
collocation,0.029050279329608936,8.57270775680863e-05,0.005498763594201039,0.48694232861806314
genre,0.024581005586592177,8.297367019948619e-05,0.004499025082676256,0.45991778006166495
per,0.030167597765363124,0.0001427331019394368,0.0033261663520095597,0.48404542996214167
alphabet,0.05027932960893854,0.0008374079063942735,0.007035303135843291,0.4939293598233996
cascade,0.030167597765363124,0.00016656882412075213,0.0025978208171411974,0.48509485094850946
description,0.07486033519553072,0.0006575390619653956,0.01891134137105501,0.5067950169875425
extract,0.034636871508379886,0.00010776963997139928,0.004989455746154424,0.4922992299229923
use,0.11620111731843574,0.0021873758380475325,0.018924983628711246,0.5203488372093024
evaluate,0.041340782122905026,0.00016934704097023827,0.006800385009960583,0.5005592841163311
novel,0.08268156424581005,0.0009008176292892335,0.01220202119915271,0.5179398148148148
engineering,0.03240223463687151,0.00014331921814512394,0.0053707787138658905,0.48092423428264375
temporal information,0.025698324022346366,5.851284010087558e-05,0.0034641860620084203,0.4644525168655942
2001,0.03798882681564245,0.0003483359348405192,0.004812723314848997,0.5022446689113356
explicit,0.025698324022346366,7.992775357309659e-05,0.003078027264074119,0.4668753260302556
extension,0.03798882681564245,0.0006515110146405955,0.004877675472619362,0.4750530785562633
aim,0.1206703910614525,0.0034594877037648153,0.019418034654234636,0.5203488372093024
syllable,0.034636871508379886,0.00016406532142386392,0.005571419972086594,0.49888517279821626
phonological,0.024581005586592177,0.0001533678666941209,0.004957828960109788,0.47354497354497355
multi,0.088268156424581,0.0009408474050302768,0.019304669373237514,0.5179398148148148
free grammar,0.042458100558659215,0.0003891173885730041,0.003658240182223327,0.4778430325680726
phonology,0.015642458100558657,2.99204009933162e-05,0.001231844783680449,0.43743890518084066
computational phonology,0.015642458100558657,2.99204009933162e-05,0.001231844783680449,0.43743890518084066
length,0.03128491620111731,0.00014301543821391313,0.007111682704334171,0.48641304347826086
word length,0.01675977653631285,1.9502250758024663e-05,0.005255832547899979,0.4466067864271457
number,0.041340782122905026,0.00019732806133767878,0.006720003066362196,0.5019629837352776
score,0.10391061452513965,0.0011480653242600368,0.01796445918548327,0.5176402544823597
article,0.15083798882681562,0.0030948981276703777,0.024991333947339323,0.5308422301304864
thesaurus,0.025698324022346366,3.403880793819658e-05,0.004146303249562761,0.48118279569892475
bigram,0.03128491620111731,6.68326224410626e-05,0.006375883557521368,0.4775880469583778
computation,0.048044692737430165,0.000590016721955723,0.0045314671045771325,0.4969461410327596
type system,0.017877094972067038,2.526217069183041e-05,0.002565662433019902,0.43573515092502435
applying,0.036871508379888264,0.00022875492887339645,0.005155634111651788,0.5033745781777278
based language,0.03128491620111731,6.144999283548909e-05,0.015676233056435288,0.4443892750744787
generator,0.04469273743016759,0.00024199801220538977,0.009576191722523828,0.4980523094045632
correction,0.04692737430167598,0.00015622606088372786,0.013806913500113701,0.4909489851892485
mapping,0.049162011173184354,0.00038726610683280567,0.008682880611764766,0.494475138121547
adjectival,0.04022346368715084,0.0003536981096306,0.002572922324361146,0.48144163528778916
joint,0.05139664804469273,0.00034543310741924903,0.008587731863835988,0.5016816143497758
likelihood,0.02346368715083799,4.634013677718274e-05,0.003014502892612752,0.47606382978723405
improvement,0.05921787709497206,0.000415210274759691,0.013718111714734955,0.5073696145124716
connected,0.048044692737430165,0.0005107184046339619,0.006283626823195733,0.5030916245081506
written,0.030167597765363124,8.95093840878933e-05,0.006637269308023264,0.47886570358480474
generating,0.022346368715083796,8.968165278707451e-05,0.0029306442802829067,0.47631718999467804
age,0.017877094972067038,3.5354859667038226e-05,0.0031072131927672286,0.4758107389686337
single,0.03128491620111731,0.00016402816469715558,0.004073121958348966,0.48800436205016356
obtained,0.042458100558659215,0.0003089716113511891,0.006082705612954662,0.4997208263539922
conceptual,0.06815642458100558,0.0004079953820874176,0.014517132893329718,0.4939293598233996
distance,0.0770949720670391,0.0008080090622538845,0.010867835478925243,0.5091012514220705
syntax,0.043575418994413403,0.00019646306879163604,0.006768552062499296,0.5062217194570136
map,0.03240223463687151,0.00014421198630394994,0.0034982770440915357,0.4866775421424687
summary,0.036871508379888264,8.300947308034908e-05,0.007539284364382885,0.48933843630399126
content,0.1106145251396648,0.001671387095470809,0.020392532447406405,0.5209545983701979
summarization,0.043575418994413403,9.132010264590457e-05,0.009186680993579291,0.49722222222222223
analysis show,0.025698324022346366,5.6292701324092024e-05,0.0029366362752195137,0.47154899894625923
learner,0.034636871508379886,9.692906396815494e-05,0.006758828891075422,0.4742978272390037
language processing,0.05810055865921787,0.00047158246850070363,0.02054900671206336,0.5070821529745042
learned,0.061452513966480445,0.0003219154298967434,0.014505477479368766,0.4983296213808463
reduction,0.05139664804469273,0.0003634878254111517,0.007384565041459568,0.4942020982882385
including,0.036871508379888264,0.00016669275313867978,0.0069957973510933035,0.5
maximum,0.035754189944134075,0.00010016545449948931,0.0058261797071150765,0.48092423428264375
research,0.09832402234636871,0.0010795357764926564,0.016409609791467272,0.5164454702827467
statistic,0.02346368715083799,6.0923795741375874e-05,0.006573617943138792,0.44772386193096547
discourse structure,0.025698324022346366,0.00016030878988071483,0.003101380298037375,0.4780982905982906
compositional,0.08603351955307262,0.001074943401372812,0.02085442137353818,0.5065082059988681
relational,0.01675977653631285,1.4098446630587743e-06,0.0023390868060950013,0.3896386591205921
anaphor,0.030167597765363124,0.00011988266242257616,0.0019406932984879525,0.45020120724346074
complexity,0.0659217877094972,0.00047970883789949574,0.008372687165954225,0.5105533371363377
filtering,0.04022346368715084,0.0001693404774908569,0.0034085596009887525,0.48720740337506807
icon,0.0335195530726257,4.699748180516749e-05,0.008375655897102706,0.48326133909287255
class verb,0.021229050279329607,1.6176005498788574e-05,0.004963528438960497,0.43894065718489456
subject,0.026815642458100558,0.00014770296999178326,0.0031637134748140026,0.4874727668845316
associated,0.04692737430167598,0.00038103132753710447,0.0066760069693540414,0.4997208263539922
mathematical,0.01675977653631285,3.352647252408653e-05,0.0023838165841307624,0.46785154208050184
sequence,0.0670391061452514,0.000665296415278602,0.01331348739742689,0.5014005602240896
right,0.025698324022346366,0.0003293922900917107,0.0016899061332640974,0.45593479368313805
alternative,0.048044692737430165,0.0005155188852671833,0.007528053192243067,0.4983296213808463
unsupervised,0.0659217877094972,0.0005068603968519484,0.013178616823768233,0.5039414414414415
competitive,0.027932960893854747,7.152594039265398e-05,0.004456035959508151,0.48933843630399126
based model,0.029050279329608936,0.00010325360402825751,0.008290121266190225,0.4853579175704989
vector,0.09608938547486033,0.0008170676138794371,0.023979485752607204,0.5149597238204833
defined,0.04581005586592178,0.0001860383208150249,0.008006118874966871,0.5005592841163311
universal,0.034636871508379886,0.000110528335573404,0.006116399961015848,0.47354497354497355
according,0.07150837988826815,0.0008979246642839444,0.013296441481415322,0.5134825014343086
channel,0.027932960893854747,6.82572081332448e-05,0.0034184704042587127,0.47707889125799574
dependent,0.027932960893854747,9.933226648765816e-05,0.0016082953968887153,0.45991778006166495
independent,0.04022346368715084,7.593645791798433e-05,0.00956650028178431,0.48247978436657685
speaker,0.061452513966480445,0.00044893180566420784,0.008711784086544676,0.5091012514220705
linguist,0.02346368715083799,4.07074073755548e-05,0.003095041825966498,0.4742978272390037
brief,0.03240223463687151,0.00024234876740572965,0.002572508413484175,0.4780982905982906
chapter,0.03240223463687151,0.0003095870727272926,0.0020672737921231623,0.4778430325680726
descriptive,0.035754189944134075,0.00026065589065403326,0.004229052777537028,0.4780982905982906
inter,0.04022346368715084,0.0002455420291076511,0.004047796137211515,0.4969461410327596
well,0.05921787709497206,0.0005825435064320885,0.00914494753617593,0.5085227272727273
pair,0.11843575418994412,0.0014951191195670993,0.027335367604507874,0.5161476355247981
lingual,0.035754189944134075,0.00010907038234575203,0.0075451500179073375,0.4786096256684492
platform,0.027932960893854747,6.12851088643885e-05,0.0051107001831834165,0.4806659505907626
textual,0.027932960893854747,9.389851506272812e-05,0.007333459366535893,0.4942020982882385
semantics,0.10949720670391061,0.0023155558413805984,0.021469879228211614,0.5176402544823597
instance,0.024581005586592177,6.512928477402612e-05,0.0027707613645559528,0.4848320693391116
morpheme,0.03128491620111731,9.101639976527391e-05,0.004713028234240806,0.48641304347826086
compared,0.04469273743016759,0.0002834683068165126,0.0063480022785708445,0.49584487534626037
alignment,0.08491620111731843,0.0005267403679947057,0.02607015965874279,0.5025266704098821
senseval,0.02346368715083799,4.419772945018276e-05,0.0052648243228448615,0.4853579175704989
transcription,0.05251396648044692,0.000512489737052436,0.006258581183936065,0.4942020982882385
vocabulary,0.04692737430167598,0.0002716395494721568,0.009541015270092504,0.5022446689113356
collection,0.07039106145251396,0.0004618755302936005,0.014884930171366067,0.5053642010163749
patent,0.034636871508379886,0.00011372454374253111,0.006004976458286351,0.48827059465357336
across language,0.041340782122905026,0.00023947085320628677,0.007397522096665348,0.4986072423398329
driven,0.05810055865921787,0.00034566028233236974,0.017032181356653277,0.49014238773274915
behavior,0.025698324022346366,6.624044772147551e-05,0.0036485850772435473,0.48588490770901194
comparable,0.036871508379888264,0.0001062158906642516,0.008275226084179667,0.47682472029834844
reference,0.061452513966480445,0.0002962842094117571,0.007786589640438306,0.5056497175141242
reference resolution,0.036871508379888264,7.141223413923502e-05,0.005828880887784481,0.4931129476584022
complex,0.07932960893854749,0.0014577444148086709,0.012874307754436575,0.5161476355247981
coreference,0.055865921787709494,0.0002832592999207862,0.0089138202216858,0.4950221238938053
object,0.06815642458100558,0.0005091437280289614,0.013864233781490319,0.49284140969163
entity recognition,0.07039106145251396,0.00022247146144414404,0.019197764255122762,0.4906798245614035
language independent,0.014525139664804468,4.5512103526636546e-07,0.005425860539546015,0.4015253476895469
french,0.1206703910614525,0.0017399714551380738,0.01841460281187459,0.5194428322692978
bilingual,0.055865921787709494,0.00024104717558526024,0.016029042616365757,0.5005592841163311
bleu,0.03910614525139664,0.00010650075587496372,0.01074268164476005,0.47886570358480474
challenge,0.04022346368715084,0.00021895788172485858,0.007807832638126595,0.49121844127332603
author,0.07486033519553072,0.0006622563343538396,0.012633561808133615,0.50997150997151
proposed,0.10167597765363127,0.0014923409350806592,0.02547051277766299,0.5134825014343086
pattern,0.09832402234636871,0.001149172204871428,0.019816341523856126,0.518840579710145
normalization,0.0335195530726257,0.00016376081259671823,0.0043747124131872026,0.4890710382513661
xml,0.036871508379888264,0.0001721951122187764,0.0057582806762085,0.4737956590788777
creation,0.024581005586592177,0.00012827770671690585,0.004286180225733926,0.49722222222222223
parallel,0.08268156424581005,0.0008381321370874198,0.020392122978094975,0.504225352112676
fact,0.030167597765363124,9.479701447940858e-05,0.0051184772293501315,0.5
language generation,0.030167597765363124,7.458103164168971e-05,0.007889742395441742,0.4822198275862069
communication,0.043575418994413403,0.00028991376408326827,0.005883018371367937,0.4906798245614035
theoretic,0.030167597765363124,0.00012147959434228256,0.0027779002816086832,0.4742978272390037
accessibility,0.030167597765363124,0.0001268486630988939,0.003985778090831634,0.4983296213808463
iso,0.03910614525139664,0.0001968859955964351,0.006006234136242183,0.48118279569892475
cost,0.024581005586592177,2.308756947129982e-05,0.005829745701955445,0.46981627296587924
effective,0.024581005586592177,3.78611374149419e-05,0.0035776316671038396,0.4166666666666667
manner,0.013407821229050279,8.590663070415346e-06,0.0017176242530106815,0.38946910356832026
access,0.09385474860335195,0.0017743636203976707,0.013924794305694528,0.5173410404624278
indian,0.0759776536312849,0.00043960999343382976,0.021170519735857398,0.5065082059988681
indian language,0.07262569832402234,0.00036948424295064187,0.019750355666309897,0.5053642010163749
anusaaraka,0.02346368715083799,1.903002952305724e-05,0.006053992731961897,0.4408866995073892
built,0.049162011173184354,0.0003094856782542722,0.007583198284081231,0.4775880469583778
image,0.035754189944134075,7.91544176690482e-05,0.008161179718770398,0.4922992299229923
make,0.053631284916201116,0.00037380067506107673,0.01186526332004893,0.4997208263539922
collaborative,0.025698324022346366,9.648052214444565e-05,0.003446212073309393,0.4468297553669496
effort,0.029050279329608936,9.449288742809222e-05,0.004307930542376876,0.468586387434555
several,0.06368715083798882,0.0004537481286824216,0.011443896211477345,0.4980523094045632
retrieval system,0.026815642458100558,3.732369342452243e-05,0.0072096190829032845,0.4661458333333333
medium,0.04692737430167598,0.00027838989957611654,0.005305793319423111,0.49667036625971145
schema,0.04581005586592178,0.0006483103801377735,0.0043313190474815995,0.4950221238938053
language resource,0.04469273743016759,0.0001364488992956918,0.013648198459564161,0.4920285871357889
ukrainian,0.030167597765363124,0.00022350773830098853,0.002989379291925878,0.46785154208050184
activity,0.05027932960893854,0.0002996643543779274,0.008810396241755008,0.4983296213808463
polarity,0.08044692737430167,0.0006223787113493533,0.011057411995814953,0.5126002290950744
perform,0.041340782122905026,0.00020404600796668874,0.005615728913198972,0.4980523094045632
aligned,0.030167597765363124,0.00010806576166029163,0.008665705122777841,0.48588490770901194
current,0.053631284916201116,0.0003810066955035487,0.005922402236360614,0.5005592841163311
analyse,0.026815642458100558,0.0001865074101859159,0.0033567582465576823,0.4906798245614035
building,0.08491620111731843,0.0009746481258898966,0.015763036910216487,0.5120137299771167
project,0.04581005586592178,0.00040363823911648475,0.00741574134667296,0.49611973392461195
predicate,0.04581005586592178,0.00014048719054262973,0.005515396181221299,0.504225352112676
predicate argument,0.024581005586592177,2.9284977742556233e-05,0.002094563692248323,0.4611025244719217
translation model,0.048044692737430165,0.00017482623670396296,0.014935210915964791,0.4977753058954394
acoustic,0.049162011173184354,0.00028152258968231294,0.010473763509093195,0.48118279569892475
asr,0.042458100558659215,0.0001353364735420598,0.01064585239239867,0.46086508753862
engine,0.048044692737430165,0.000251647141282437,0.010459169103033595,0.5016816143497758
allow,0.0670391061452514,0.0006858479276215219,0.009121496133989436,0.4997208263539922
improve,0.06256983240223463,0.0005196210239621738,0.013317580565289788,0.505079006772009
aim paper,0.02011173184357542,3.5419969316025436e-05,0.002021109297922957,0.4543147208121827
checker,0.025698324022346366,9.159199472786223e-05,0.004797239700456234,0.4874727668845316
verbal,0.027932960893854747,0.0001572807742590531,0.003460342151865659,0.4896061269146608
electronic,0.05251396648044692,0.0003957245135621603,0.00754809451437589,0.5022446689113356
modern,0.042458100558659215,0.0002947882352662046,0.004010467458892134,0.4977753058954394
spelling,0.041340782122905026,0.00026066690548528257,0.007216529993537215,0.4963948973932335
ancient,0.02011173184357542,3.1135274637734517e-05,0.003642665329846954,0.4582693292370712
fine,0.043575418994413403,0.00021262770406936648,0.0051626473701148045,0.48694232861806314
fine grained,0.027932960893854747,6.565517451176271e-05,0.0033868494345386533,0.46981627296587924
grained,0.034636871508379886,0.00015178920997494644,0.004632861540295694,0.48118279569892475
sentiment,0.13519553072625698,0.0018483481928256,0.028005228838743672,0.5227803738317757
sentiment analysis,0.0659217877094972,0.00026479522112329417,0.012188306274282272,0.49888517279821626
mining,0.034636871508379886,0.00011149014609842591,0.005741540564366115,0.4997208263539922
field,0.036871508379888264,0.000201904186913732,0.0029985424293027655,0.47682472029834844
opinion,0.06480446927374302,0.0003348106114796839,0.011136298488082374,0.5065082059988681
adjective,0.0670391061452514,0.0006638469801617003,0.00742803888988793,0.504225352112676
phonetic,0.021229050279329607,5.3952388339672154e-05,0.004701291540795976,0.4822198275862069
hmm,0.055865921787709494,0.00034435053473016433,0.014082669861295177,0.5016816143497758
child,0.05251396648044692,0.00022679259273594634,0.01050141699412883,0.5030916245081506
material,0.030167597765363124,8.771030226435299e-05,0.006132741016783891,0.48933843630399126
implemented,0.03128491620111731,0.00011582933048615807,0.004418361328949125,0.4920285871357889
compositionality,0.035754189944134075,0.00018107943752083638,0.006606196917628357,0.4914881933003844
believe,0.02346368715083799,4.520012816047453e-05,0.005575266870077576,0.47606382978723405
role,0.04469273743016759,0.00022763491329610516,0.005145802738535894,0.5036578503095104
artificial,0.024581005586592177,6.51847558647458e-05,0.003632747775299453,0.48300053966540746
parallel corpus,0.026815642458100558,4.3343697018864415e-05,0.0053248306239064664,0.47555791710945805
treebanks,0.030167597765363124,5.348123198103463e-05,0.003500166815011464,0.48827059465357336
space,0.0770949720670391,0.0007961372834348381,0.012387784826468342,0.5085227272727273
review,0.03240223463687151,5.742630063010048e-05,0.0029750200573912563,0.4688318491356731
end,0.0670391061452514,0.0004015802385695572,0.0160551529707213,0.5067950169875425
social,0.06033519553072625,0.0003041404937889011,0.010047889038118192,0.5014005602240896
note,0.024581005586592177,5.403035980861067e-05,0.003079982027651063,0.48274002157497303
law,0.024581005586592177,0.0001229942783808022,0.004593582432840035,0.48247978436657685
automated,0.024581005586592177,0.00010910252431255666,0.004432660546683877,0.4671189979123173
phrase structure,0.026815642458100558,4.816975109134911e-05,0.00428025862534269,0.48300053966540746
build,0.041340782122905026,0.0001964972796263666,0.0059093661385856595,0.4994419642857143
global,0.03128491620111731,9.549467806608609e-05,0.0039370116309837815,0.4991634132738427
annotation framework,0.03910614525139664,0.00014308285456849187,0.006893736129679438,0.48404542996214167
developing,0.029050279329608936,0.00010236519444335148,0.0045044977008897435,0.47657082002129925
deep,0.04469273743016759,0.00017037739142203976,0.010040329818090568,0.49667036625971145
certain,0.025698324022346366,6.97290867176746e-05,0.002381125913644717,0.4656607700312175
interesting,0.026815642458100558,6.854993291473731e-05,0.00382040953335399,0.48694232861806314
message,0.09608938547486033,0.0006834837912652998,0.016601927411274826,0.5140723721998851
native,0.04022346368715084,0.000151120740554465,0.008474449010367254,0.48092423428264375
non native,0.0335195530726257,8.598948245944213e-05,0.006391873528251471,0.46736292428198434
significant,0.034636871508379886,0.00012393839916083826,0.0045469576369351955,0.46039094650205764
propose,0.05698324022346368,0.0005390954109550345,0.009401658195139223,0.5
lambek,0.027932960893854747,9.110282415299435e-05,0.0008364293317546941,0.42802486848397897
grishin,0.021229050279329607,3.277158441875745e-05,0.0003822235846651407,0.3851118760757315
net,0.022346368715083796,4.4919990905070774e-05,0.0016086896839060778,0.437866927592955
proof,0.030167597765363124,8.596316011660444e-05,0.0010793791049074505,0.4398034398034398
grishin calculus,0.021229050279329607,3.277158441875745e-05,0.00038222358466514063,0.3851118760757315
lambek grishin,0.021229050279329607,3.277158441875745e-05,0.00038222358466514063,0.3851118760757315
korean,0.0335195530726257,4.063083049371917e-05,0.011441477281859761,0.4856212696690179
management,0.026815642458100558,8.36909196664426e-05,0.002344357258923392,0.4753053637812002
quality,0.10837988826815642,0.0010461989260220415,0.022763351051400267,0.515850144092219
assessment,0.04022346368715084,0.0002427028116546866,0.005943808260082611,0.5059355568117581
software,0.043575418994413403,0.00029739866986775213,0.00671928676075581,0.5016816143497758
need,0.05698324022346368,0.00038300486122702974,0.009722651769060684,0.5025266704098821
open,0.04692737430167598,0.00025866802403861256,0.006437695031204191,0.4922992299229923
selection,0.04022346368715084,0.00012925531689212452,0.006235645987985945,0.47480106100795755
similar,0.029050279329608936,0.00012549979005440967,0.004272801171614222,0.4974986103390773
deal,0.03128491620111731,0.0001315570407036199,0.004057373791688058,0.4920285871357889
prediction,0.024581005586592177,7.280581263354155e-05,0.006936877324418819,0.47733333333333333
semantic similarity,0.043575418994413403,0.0001836420382102347,0.008348290852345492,0.5028089887640449
effect,0.041340782122905026,0.00033059687443753,0.005520629673290655,0.4969461410327596
adequate,0.024581005586592177,0.0002281638236423305,0.002216839405919355,0.45224861040929765
conception,0.025698324022346366,0.00016889504940989283,0.0024031184679385188,0.4758107389686337
domain specific,0.042458100558659215,0.00015762885353782057,0.007351330987437936,0.5045095828635852
specific,0.09608938547486033,0.0007431640580643835,0.023961208403402556,0.5170421721548238
chain,0.04581005586592178,0.00015745657554543365,0.008358266486316504,0.4994419642857143
short,0.04022346368715084,0.0002120902641845601,0.006344179609696965,0.4969461410327596
russian,0.043575418994413403,0.0003241879593328035,0.007036983288671393,0.4922992299229923
nous,0.017877094972067038,6.463240232569838e-05,0.0019655886029819685,0.45944558521560575
dialect,0.03798882681564245,0.0001266808560235669,0.007944440926529265,0.48641304347826086
group,0.03910614525139664,0.00023301578456286128,0.005680181436973684,0.5039414414414415
unl,0.026815642458100558,3.814034703403178e-05,0.006155328380191866,0.488803932277444
interaction,0.0335195530726257,0.00011111008549700275,0.003774610401595718,0.4796355841371919
online,0.055865921787709494,0.0005299443682921115,0.007902244375910698,0.5085227272727273
sign,0.06256983240223463,0.00018593223840722835,0.021984161316207264,0.4939293598233996
important,0.05251396648044692,0.0003350126625829804,0.006773874270248798,0.504225352112676
family,0.035754189944134075,0.0005681218198275889,0.0037360396103586022,0.4848320693391116
encoding,0.03910614525139664,0.00020824826766984022,0.003566453531333865,0.4950221238938053
tei,0.02011173184357542,5.4766851790213406e-05,0.0010056771597854188,0.43194980694980695
digital,0.02346368715083799,0.00011107359329592014,0.0031534819352427865,0.4806659505907626
mention,0.042458100558659215,0.00027199224113055116,0.005378533105734841,0.47733333333333333
coreference resolution,0.029050279329608936,7.931623682771146e-05,0.004166562716233344,0.48118279569892475
character,0.1106145251396648,0.0014279882327651163,0.02689272269163065,0.5194428322692978
chinese,0.0759776536312849,0.0007790459650892325,0.017545528124009366,0.50997150997151
letter,0.027932960893854747,0.00012723071490011574,0.006244162809200046,0.47354497354497355
sandhi,0.03128491620111731,3.251268209282053e-05,0.007917849921017196,0.4268001907486886
hindi,0.06256983240223463,0.00027928330096624906,0.02125744230990631,0.4848320693391116
cognitive,0.03240223463687151,0.0001009511492074164,0.003892839512307597,0.48933843630399126
handwriting,0.029050279329608936,4.660303708496324e-05,0.006507573381737544,0.46785154208050184
produced,0.03128491620111731,4.6268746964469504e-05,0.0075078387259958764,0.4656607700312175
service,0.029050279329608936,0.0001001409303219136,0.004323615567027269,0.49175824175824173
writing,0.05810055865921787,0.00030853842989304674,0.012117328876267472,0.5014005602240896
abbreviation,0.03910614525139664,0.00013833852852113785,0.008566446014924255,0.4822198275862069
annotator,0.04022346368715084,0.00019466103484602645,0.0037168890504415265,0.47682472029834844
punjabi,0.035754189944134075,0.00010870584577153238,0.0076482283580639005,0.4986072423398329
sanskrit,0.04469273743016759,0.0001077669167853603,0.010438013362516202,0.4904109589041096
conjunction,0.035754189944134075,7.059356974603634e-05,0.007138041108097711,0.4758107389686337
euphonic,0.026815642458100558,1.2342177206463524e-05,0.005957529141187806,0.4432887568103021
euphonic conjunction,0.026815642458100558,1.2342177206463524e-05,0.005957529141187806,0.4432887568103021
individual,0.0335195530726257,9.935188704311639e-05,0.005295775822932991,0.4974986103390773
assamese,0.0670391061452514,0.0006180498203876774,0.01594021297153123,0.5096810933940774
unit,0.04692737430167598,0.0002557387662044553,0.009881768955429334,0.505079006772009
representing,0.035754189944134075,0.0005452034831061825,0.0030653633044626016,0.48987411056376573
guideline,0.02011173184357542,5.536326854896695e-05,0.0012368393204665244,0.44285007422068284
various,0.048044692737430165,0.0004182467771914525,0.004860138435329549,0.5056497175141242
biomedical,0.035754189944134075,9.935369649234814e-05,0.005268871045120934,0.47937868237814674
simplification,0.03240223463687151,0.0001051038537828822,0.0041842837347236435,0.4936569222283508
link,0.03910614525139664,0.00013145441052799504,0.006923530053024559,0.4980523094045632
century,0.042458100558659215,0.0003066815735309272,0.005801881925899791,0.4861488321564367
equivalent,0.02346368715083799,8.262411701360897e-05,0.004190509059859295,0.4708048395581273
arabic,0.17877094972067037,0.0033230722406149406,0.045667822027021854,0.5283353010625738
transliteration,0.04022346368715084,8.669263140107443e-05,0.009552150122565408,0.48588490770901194
appropriate,0.035754189944134075,0.00027727217709589514,0.0036519357441083876,0.48800436205016356
axis,0.02011173184357542,0.00019172735052079196,0.0019052407126446491,0.44772386193096547
compute,0.021229050279329607,8.194697055393808e-05,0.003778748920105512,0.4837837837837838
solution,0.027932960893854747,7.937421469377716e-05,0.006678726392362715,0.4737956590788777
token,0.03798882681564245,0.00022048383482972127,0.0050948593999821865,0.4963948973932335
dimensional,0.024581005586592177,4.118783238476088e-05,0.004111686031736272,0.48694232861806314
embedding,0.08603351955307262,0.0005593438283884193,0.022397693113308997,0.5073696145124716
low,0.049162011173184354,0.00019395107701784004,0.009416832617261338,0.49722222222222223
ner,0.04022346368715084,9.862895144394572e-05,0.007402689221325418,0.4925701706108971
appears,0.0335195530726257,0.00015790828657506035,0.007557239143077036,0.4947484798231067
spatial,0.034636871508379886,9.521023675745292e-05,0.003981738820858273,0.4843073593073593
dans,0.025698324022346366,6.416253513151499e-05,0.0021076991882689657,0.4708048395581273
analogy,0.05698324022346368,0.00021485582659975562,0.015208295881972127,0.5056497175141242
based method,0.030167597765363124,6.678568505835665e-05,0.006893785177056357,0.4708048395581273
reasoning,0.03128491620111731,8.996697933940299e-05,0.005645954647017199,0.5002794857462269
2010,0.041340782122905026,0.0002494931950168539,0.003530787130157073,0.4939293598233996
operation,0.024581005586592177,0.00011885152065949103,0.0015410497387458163,0.45570264765784113
edit,0.035754189944134075,0.00014132038518524756,0.003290913300287758,0.4786096256684492
wikipedia,0.053631284916201116,0.0004192309635420465,0.0075528072188812455,0.5014005602240896
baseline,0.048044692737430165,0.00039212309188425885,0.009249353100043631,0.504225352112676
minimalist,0.02346368715083799,4.799772254681328e-05,0.002584693711103119,0.4644525168655942
minimalist grammar,0.02346368715083799,4.799772254681328e-05,0.002584693711103119,0.4644525168655942
even,0.022346368715083796,8.441184372053208e-05,0.0025432903399943523,0.4786096256684492
attribution,0.027932960893854747,6.732549064085074e-05,0.004573318810546225,0.48144163528778916
positive,0.03240223463687151,9.37220396353971e-05,0.005359309835705274,0.4936569222283508
identifying,0.026815642458100558,0.00011600151211014702,0.0015117897003398863,0.4466067864271457
morphological analysis,0.04469273743016759,0.0001589143480607308,0.013236504185535165,0.4819601507808293
analyzer,0.05027932960893854,0.00023490770641854957,0.010812103179615387,0.48404542996214167
controlled natural,0.03128491620111731,7.81932121020947e-05,0.008347273332443365,0.4570990806945863
comparative,0.02346368715083799,5.8535742591885e-05,0.002362884012988903,0.4745493107104984
bulgarian,0.024581005586592177,7.241597505505629e-05,0.0033267901059158243,0.4402361042793901
prototype,0.042458100558659215,0.00023538804701784985,0.006709748341114179,0.5016816143497758
action,0.042458100558659215,0.00034516432272370753,0.0049359301220610104,0.5025266704098821
radical,0.022346368715083796,0.0002126946536820623,0.003230586196974155,0.47354497354497355
design,0.026815642458100558,0.00011256762019108902,0.004029701133019816,0.4877384196185286
kind,0.0335195530726257,0.00016641895405644896,0.003953103070662236,0.4920285871357889
correct,0.025698324022346366,4.779991021490804e-05,0.007591352749665311,0.4695697796432319
expert,0.025698324022346366,6.149933565724495e-05,0.005582398625826149,0.48300053966540746
relatedness,0.04022346368715084,9.019101215184234e-05,0.006984237169718905,0.48827059465357336
semantic relatedness,0.026815642458100558,4.423411983452045e-05,0.0040410730819649375,0.4625322997416021
2011,0.030167597765363124,0.0001332360795153927,0.005393512750936523,0.4909489851892485
persian,0.029050279329608936,9.856467407064574e-05,0.006707422177441508,0.4720464135021097
supervised,0.03128491620111731,7.642347250183416e-05,0.004622049526516496,0.4906798245614035
lambda,0.030167597765363124,9.408196572861162e-05,0.00744855189569673,0.48641304347826086
representation word,0.029050279329608936,4.947612759579627e-05,0.0069639135627869095,0.4931129476584022
generated,0.041340782122905026,0.00034045571446361927,0.004896887952294485,0.4983296213808463
wsd,0.030167597765363124,5.744847601124485e-05,0.007520815993177866,0.4909489851892485
language understanding,0.030167597765363124,7.611093889599711e-05,0.007274178957248033,0.47835382148583644
understanding,0.06927374301675977,0.00039865376207957924,0.019597167986135085,0.5016816143497758
better,0.0670391061452514,0.0006200430204128636,0.009884191658973727,0.5120137299771167
sentiment word,0.03128491620111731,7.70317771064349e-05,0.005248362207011906,0.48641304347826086
lexica,0.035754189944134075,0.00014210892960872415,0.004796037080630569,0.5005592841163311
clinical,0.027932960893854747,0.00014365852276675205,0.0032962280499157243,0.4717975751186083
twitter,0.041340782122905026,0.00017055581585656194,0.007819105260256738,0.49611973392461195
asl,0.026815642458100558,4.626078330526209e-05,0.008425923774761498,0.47989276139410186
sign language,0.05921787709497206,0.00016842581244074016,0.019633775394500456,0.4942020982882385
statistical machine,0.042458100558659215,0.0001392205380246344,0.01695660397670718,0.4632505175983437
function tagging,0.02346368715083799,7.33666194081965e-06,0.0033904810429166523,0.4015253476895469
grammatical relation,0.027932960893854747,2.835413837981077e-05,0.005022820279134704,0.468586387434555
myanmar,0.02346368715083799,7.33666194081965e-06,0.0033904810429166523,0.4015253476895469
myanmar sentence,0.02346368715083799,7.33666194081965e-06,0.0033904810429166523,0.4015253476895469
bangla,0.041340782122905026,0.00021707859740044855,0.008878357087360872,0.4974986103390773
cfg,0.029050279329608936,5.281986140394067e-05,0.004603404075549878,0.46205472379969026
emotion,0.055865921787709494,0.0003505593685942082,0.009154002314255885,0.4974986103390773
beyond,0.022346368715083796,3.3385999987189774e-05,0.004141009679787431,0.45202020202020204
arabic language,0.048044692737430165,0.00013667649393179376,0.014032625703652409,0.4914881933003844
fast,0.02346368715083799,4.810416282781164e-05,0.001919621452570024,0.45991778006166495
purpose,0.04469273743016759,0.00026097106481472594,0.003913231908618769,0.5005592841163311
manipuri,0.03240223463687151,0.00010359256750266969,0.006867415505339306,0.4947484798231067
precision,0.025698324022346366,4.9823182965198995e-05,0.0028454340040019663,0.4843073593073593
tempeval,0.022346368715083796,6.992047009568531e-05,0.0025218395891358114,0.45042778057372923
temporal relation,0.025698324022346366,8.366446395842728e-05,0.0029982386945055753,0.4745493107104984
monolingual,0.0335195530726257,0.00010737708408881845,0.00581371941774848,0.4994419642857143
error correction,0.027932960893854747,5.466942608393893e-05,0.00792153604475202,0.421970768505422
dataset,0.053631284916201116,0.00037473899570755786,0.008534375928646393,0.5039414414414415
roget,0.026815642458100558,3.163046368503864e-05,0.004340996489428077,0.48720740337506807
roget thesaurus,0.017877094972067038,1.152635503049661e-05,0.0029306579796831386,0.46157813305827744
real,0.02346368715083799,8.122369181568345e-05,0.004062787058051386,0.4750530785562633
coefficient,0.029050279329608936,7.350824544330139e-05,0.0032756660971589384,0.4730443974630021
edit distance,0.027932960893854747,8.723599893128677e-05,0.0025273926839068056,0.45968156137647664
assisted,0.03240223463687151,0.00010355584736020177,0.006374548304164587,0.47886570358480474
2013,0.02346368715083799,3.292665129208041e-05,0.004299900407111516,0.46157813305827744
colour,0.018994413407821226,1.675207315581241e-05,0.003800000990180849,0.44549527127924343
authorship,0.024581005586592177,3.7357428418915105e-05,0.005655032443738882,0.44527363184079605
gender,0.029050279329608936,8.390515819679168e-05,0.003997802418478616,0.48352242031334414
gujarati,0.03128491620111731,0.00014829410626768303,0.00769755233655149,0.4796355841371919
stemmer,0.017877094972067038,2.786731625539176e-05,0.00778846508475565,0.41920374707259955
translator,0.04022346368715084,0.00021744369980647495,0.0070801491037272655,0.48800436205016356
ranking,0.036871508379888264,0.00011890864991415824,0.008936730449994169,0.47254487856388594
dependency parsing,0.03240223463687151,9.559401117470944e-05,0.006379886931142502,0.4904109589041096
cnl,0.027932960893854747,5.015871083522842e-05,0.007730024583029205,0.45944558521560575
prior polarity,0.027932960893854747,4.888641291581756e-05,0.0058431409159771545,0.4822198275862069
appear,0.02011173184357542,6.0236937287308196e-05,0.002423029335153663,0.43743890518084066
learn,0.05921787709497206,0.0003962915046401921,0.013669313903428173,0.5030916245081506
add,0.027932960893854747,6.872678339044493e-05,0.002379750642695723,0.4683411826268969
book,0.04581005586592178,0.0003322005168164177,0.007190360388740557,0.4931129476584022
chinese word,0.025698324022346366,5.62371917538022e-05,0.005419909210089078,0.4649350649350649
define,0.022346368715083796,6.529731165953278e-05,0.0023844584846472896,0.4740466101694915
neural,0.1430167597765363,0.0017268706269377323,0.05120729195024445,0.5215617715617715
neural network,0.05698324022346368,0.000315509869577013,0.011345337764863574,0.4920285871357889
convolutional,0.022346368715083796,3.9091351504684574e-05,0.004974220471678551,0.4695697796432319
association,0.05251396648044692,0.00019734692154839702,0.010536766990743263,0.4977753058954394
judgment,0.022346368715083796,3.1951050506810254e-05,0.0035156943770504674,0.47229551451187335
name entity,0.026815642458100558,1.5758267015241905e-05,0.007825063163813773,0.4533941236068896
stemming,0.029050279329608936,6.081902988971356e-05,0.010855163702296127,0.4432887568103021
done,0.02346368715083799,2.774542391042966e-05,0.005948989736795271,0.46809623430962344
learns,0.0335195530726257,0.00011396226077128855,0.006305487083739203,0.4933847850055127
long,0.030167597765363124,7.787238221587382e-05,0.00539820359344785,0.4819601507808293
detect,0.030167597765363124,8.455044865846466e-05,0.0031365938028308418,0.4843073593073593
tweet,0.042458100558659215,0.00012403707245114802,0.00619530394815805,0.48987411056376573
crowdsourcing,0.029050279329608936,8.429970925961062e-05,0.003811925538717875,0.47989276139410186
embeddings,0.1340782122905028,0.0012786738720782108,0.040347862797601435,0.518840579710145
cross lingual,0.026815642458100558,4.235283865333687e-05,0.00533129475014574,0.47329455314648333
complex network,0.024581005586592177,6.247088790040032e-05,0.006826077461334672,0.48170075349838537
semantic parsing,0.034636871508379886,9.89433326594475e-05,0.005842782199358846,0.4909489851892485
provide,0.03910614525139664,0.0002151561924250377,0.005056695632731019,0.4977753058954394
medical,0.03128491620111731,8.367687042370993e-05,0.005747768120189026,0.4914881933003844
discontinuous,0.02346368715083799,2.8808860163391197e-05,0.002993410561298048,0.4775880469583778
distributed,0.04581005586592178,0.00022707092487531206,0.012115490323777551,0.4806659505907626
distributed representation,0.03240223463687151,7.253052213729819e-05,0.006989721356196932,0.47606382978723405
smt,0.03128491620111731,4.790568880606657e-05,0.011374784857026445,0.4642116182572614
state art,0.042458100558659215,0.0001547821735263523,0.009388210026686583,0.5008393956351427
hidden,0.026815642458100558,4.1055248720743083e-05,0.007056458444079633,0.4939293598233996
survey,0.043575418994413403,0.00022625984241657612,0.006592160209637099,0.48247978436657685
capture,0.027932960893854747,0.00011191082172476215,0.004181570037596942,0.4925701706108971
contextual,0.03240223463687151,7.069295117491541e-05,0.006308361895517555,0.4997208263539922
2015,0.025698324022346366,0.0001723525645936674,0.00355260256050902,0.468586387434555
framenet,0.022346368715083796,3.774066401854307e-05,0.004416566846030638,0.4468297553669496
side,0.034636871508379886,0.00022026741553764914,0.005058972035164295,0.4925701706108971
word embeddings,0.061452513966480445,0.0003647614212860711,0.01243828204269885,0.5067950169875425
croatian,0.02011173184357542,2.5139307854075763e-05,0.004707791126337818,0.45944558521560575
bengali,0.03240223463687151,6.492887278823991e-05,0.006951921933802545,0.468586387434555
knowledge base,0.030167597765363124,9.760592985644153e-05,0.004803748467961743,0.4801502145922747
2014,0.025698324022346366,5.1548026453981504e-05,0.003999012808203108,0.4877384196185286
morphological analyzer,0.03128491620111731,6.150472370958725e-05,0.0053971158369084254,0.47130068457082674
tensor,0.035754189944134075,0.0001299724022136451,0.00505814535495923,0.49584487534626037
word vector,0.022346368715083796,2.367641871458106e-05,0.005852453118726435,0.46397096941420424
word representation,0.048044692737430165,0.0001249412511836378,0.014331774326018334,0.4890710382513661
phrase based,0.022346368715083796,1.5126890273252087e-05,0.010965000574430315,0.4424122590212556
correlation,0.025698324022346366,9.915808752248614e-05,0.0042245973277053395,0.4904109589041096
projection,0.03240223463687151,0.00013134295420613677,0.005135341965232473,0.5019629837352776
head,0.025698324022346366,3.980106129665456e-05,0.004309939315928494,0.47154899894625923
